{
    "best_params": {
        "modelo__C": 1,
        "modelo__penalty": "l2"
    },
    "best_score_f1_cv": 0.7035080659205311,
    "tiempo_tuneo_segundos": 191.6917687000241
}