conjunto,accuracy,precision,recall,specificity,f1,roc_auc,tn,fp,fn,tp
test,0.8191475409836065,0.7624858757062147,0.6640425113166699,0.8966466712557773,0.7098674521354934,0.8846543406588078,9118,1051,1707,3374
