etapa,tiempo_segundos,memoria_pico_mb
tuneo,98.14359920000425,
fit,27.174500700028148,70.77955722808838
predict_test,0.2844922000076622,17.79378604888916
