etapa,tiempo_segundos,memoria_pico_mb
tuneo,191.6917687000241,
fit,54.91651849998743,70.77926635742188
predict_test,0.48295790000702254,17.794062614440918
