umbral_05,umbral_optimo_youden,youden_j_max,sensibilidad_umbral_optimo,especificidad_umbral_optimo
0.5,0.3154748858377897,0.6038638216657675,0.8130289313127337,0.7908348903530338
