mean_fit_time,std_fit_time,mean_score_time,std_score_time,param_modelo__C,param_modelo__penalty,params,split0_test_score,split1_test_score,split2_test_score,mean_test_score,std_test_score,rank_test_score
43.26150687535604,5.002592128496186,0.2631484667460124,0.053525924986461235,1.0,l2,"{'modelo__C': 1, 'modelo__penalty': 'l2'}",0.7001107770216807,0.7063856758041515,0.704027744935761,0.7035080659205311,0.002587938483518768,1
45.87200800577799,5.5799694518305065,0.25520650545756024,0.018176581721753564,10.0,l2,"{'modelo__C': 10, 'modelo__penalty': 'l2'}",0.6998339001819188,0.7067300079176564,0.7039255872615482,0.7034964984537079,0.002831626550175157,2
61.99105906486511,6.185290115832046,0.27688058217366535,0.031401195548699606,10.0,l1,"{'modelo__C': 10, 'modelo__penalty': 'l1'}",0.6997310552127828,0.7066276031356402,0.7038701032553007,0.7034095872012411,0.0028342723451945818,3
110.29239455858867,32.23498048829783,0.2852470874786377,0.019700653224923405,1.0,l1,"{'modelo__C': 1, 'modelo__penalty': 'l1'}",0.6996913824483659,0.7064227449116972,0.7034700315457413,0.7031947196352681,0.002754954039449977,4
24.370636145273846,2.1632870915545097,0.178204615910848,0.018821253779336838,0.1,l2,"{'modelo__C': 0.1, 'modelo__penalty': 'l2'}",0.6991045249227356,0.7050405469868024,0.7018348623853211,0.7019933114316198,0.00242595947499497,5
49.73808844884237,5.379939369571426,0.2802785237630208,0.012134735861704028,0.1,l1,"{'modelo__C': 0.1, 'modelo__penalty': 'l1'}",0.6990568280890862,0.7040127135478744,0.7028905386194914,0.7019866934188173,0.0021217763438910087,6
